Agent,
Agent,Time,Method,Resource,Version,StatusMozilla/5.0 (Macintosh; Intel Mac OS X 10_13_3) AppleWebKit/537.36 (KHTML like Gecko) Chrome/66.0.3359.181 Safari/537.36,2018-06-06T23:59:24.848Z,GET,/,http/1.1,200/nMozilla/5.0 (Macintosh; Intel Mac OS X 10_13_3) AppleWebKit/537.36 (KHTML like Gecko) Chrome/66.0.3359.181 Safari/537.36,2018-06-06T23:59:29.971Z,GET,/logs,http/1.1,200/nMozilla/5.0 (Macintosh; Intel Mac OS X 10_13_3) AppleWebKit/537.36 (KHTML like Gecko) Chrome/66.0.3359.181 Safari/537.36,2018-06-07T00:19:15.123Z,GET,/,http/1.1,200
Mozilla/5.0 (Macintosh; Intel Mac OS X 10_13_3) AppleWebKit/537.36 (KHTML like Gecko) Chrome/66.0.3359.181 Safari/537.36,2018-06-07T00:19:19.938Z,GET,/logs,http/1.1,200
Mozilla/5.0 (Macintosh; Intel Mac OS X 10_13_3) AppleWebKit/537.36 (KHTML like Gecko) Chrome/66.0.3359.181 Safari/537.36,2018-06-07T00:20:18.825Z,GET,/log,http/1.1,200
Mozilla/5.0 (Macintosh; Intel Mac OS X 10_13_3) AppleWebKit/537.36 (KHTML like Gecko) Chrome/66.0.3359.181 Safari/537.36,2018-06-07T00:20:22.126Z,GET,/,http/1.1,200
Mozilla/5.0 (Macintosh; Intel Mac OS X 10_13_3) AppleWebKit/537.36 (KHTML like Gecko) Chrome/66.0.3359.181 Safari/537.36,2018-06-07T00:20:26.840Z,GET,/logs,http/1.1,200
Mozilla/5.0 (Macintosh; Intel Mac OS X 10_13_3) AppleWebKit/537.36 (KHTML like Gecko) Chrome/66.0.3359.181 Safari/537.36,2018-06-07T00:22:15.350Z,GET,/logs,http/1.1,200
Mozilla/5.0 (Macintosh; Intel Mac OS X 10_13_3) AppleWebKit/537.36 (KHTML like Gecko) Chrome/66.0.3359.181 Safari/537.36,2018-06-07T00:23:18.151Z,GET,/logs,http/1.1,200
Mozilla/5.0 (Macintosh; Intel Mac OS X 10_13_3) AppleWebKit/537.36 (KHTML like Gecko) Chrome/66.0.3359.181 Safari/537.36,2018-06-07T15:53:07.931Z,GET,/,http/1.1,200
Mozilla/5.0 (Macintosh; Intel Mac OS X 10_13_3) AppleWebKit/537.36 (KHTML like Gecko) Chrome/66.0.3359.181 Safari/537.36,2018-06-07T15:53:13.322Z,GET,/logs,http/1.1,200
Mozilla/5.0 (Macintosh; Intel Mac OS X 10_13_3) AppleWebKit/537.36 (KHTML like Gecko) Chrome/66.0.3359.181 Safari/537.36,2018-06-08T16:31:24.576Z,GET,/,http/1.1,200
Mozilla/5.0 (Macintosh; Intel Mac OS X 10_13_3) AppleWebKit/537.36 (KHTML like Gecko) Chrome/66.0.3359.181 Safari/537.36,2018-06-08T16:31:28.396Z,GET,/logs,http/1.1,200
Mozilla/5.0 (Macintosh; Intel Mac OS X 10_13_3) AppleWebKit/537.36 (KHTML like Gecko) Chrome/66.0.3359.181 Safari/537.36,2018-06-08T16:39:31.526Z,GET,/,http/1.1,200
node-superagent/2.3.0,2018-06-08T17:55:46.937Z,GET,/,http/1.1,200
node-superagent/2.3.0,2018-06-08T17:55:46.967Z,GET,/,http/1.1,200
node-superagent/2.3.0,2018-06-08T17:55:46.979Z,GET,/,http/1.1,200
node-superagent/2.3.0,2018-06-08T17:55:46.991Z,GET,/,http/1.1,200
node-superagent/2.3.0,2018-06-08T17:55:47.015Z,GET,/,http/1.1,200
node-superagent/2.3.0,2018-06-08T17:55:47.022Z,GET,/,http/1.1,200
node-superagent/2.3.0,2018-06-08T17:55:47.029Z,GET,/,http/1.1,200
node-superagent/2.3.0,2018-06-08T17:55:47.033Z,GET,/,http/1.1,200
node-superagent/2.3.0,2018-06-08T17:55:47.038Z,GET,/logs,http/1.1,200
node-superagent/2.3.0,2018-06-08T17:55:47.043Z,GET,/logs,http/1.1,200
Mozilla/5.0 (Macintosh; Intel Mac OS X 10_13_3) AppleWebKit/537.36 (KHTML like Gecko) Chrome/66.0.3359.181 Safari/537.36,2018-06-08T17:57:51.025Z,GET,/,http/1.1,200
Mozilla/5.0 (Macintosh; Intel Mac OS X 10_13_3) AppleWebKit/537.36 (KHTML like Gecko) Chrome/66.0.3359.181 Safari/537.36,2018-06-08T17:57:52.056Z,GET,/favicon.ico,http/1.1,200
Mozilla/5.0 (Macintosh; Intel Mac OS X 10_13_3) AppleWebKit/537.36 (KHTML like Gecko) Chrome/66.0.3359.181 Safari/537.36,2018-06-08T17:57:55.454Z,GET,/logs,http/1.1,200
node-superagent/2.3.0,2018-06-08T17:58:19.013Z,GET,/,http/1.1,200
node-superagent/2.3.0,2018-06-08T17:58:19.037Z,GET,/,http/1.1,200
node-superagent/2.3.0,2018-06-08T17:58:19.045Z,GET,/,http/1.1,200
node-superagent/2.3.0,2018-06-08T17:58:19.053Z,GET,/,http/1.1,200
node-superagent/2.3.0,2018-06-08T17:58:19.056Z,GET,/,http/1.1,200
node-superagent/2.3.0,2018-06-08T17:58:19.060Z,GET,/,http/1.1,200
node-superagent/2.3.0,2018-06-08T17:58:19.066Z,GET,/,http/1.1,200
node-superagent/2.3.0,2018-06-08T17:58:19.071Z,GET,/,http/1.1,200
node-superagent/2.3.0,2018-06-08T17:58:19.076Z,GET,/logs,http/1.1,200
node-superagent/2.3.0,2018-06-08T17:58:19.082Z,GET,/logs,http/1.1,200
node-superagent/2.3.0,2018-06-08T18:04:13.314Z,GET,/,http/1.1,200
node-superagent/2.3.0,2018-06-08T18:04:13.343Z,GET,/,http/1.1,200
node-superagent/2.3.0,2018-06-08T18:04:13.351Z,GET,/,http/1.1,200
node-superagent/2.3.0,2018-06-08T18:04:13.360Z,GET,/,http/1.1,200
node-superagent/2.3.0,2018-06-08T18:04:13.364Z,GET,/,http/1.1,200
node-superagent/2.3.0,2018-06-08T18:04:13.367Z,GET,/,http/1.1,200
node-superagent/2.3.0,2018-06-08T18:04:13.374Z,GET,/,http/1.1,200
node-superagent/2.3.0,2018-06-08T18:04:13.378Z,GET,/,http/1.1,200
node-superagent/2.3.0,2018-06-08T18:04:13.382Z,GET,/logs,http/1.1,200
node-superagent/2.3.0,2018-06-08T18:04:13.389Z,GET,/logs,http/1.1,200
node-superagent/2.3.0,2018-06-08T18:05:03.947Z,GET,/,HTTP/1.1,200
node-superagent/2.3.0,2018-06-08T18:05:03.979Z,GET,/,HTTP/1.1,200
node-superagent/2.3.0,2018-06-08T18:05:03.990Z,GET,/,HTTP/1.1,200
node-superagent/2.3.0,2018-06-08T18:05:04.000Z,GET,/,HTTP/1.1,200
node-superagent/2.3.0,2018-06-08T18:05:04.006Z,GET,/,HTTP/1.1,200
node-superagent/2.3.0,2018-06-08T18:05:04.010Z,GET,/,HTTP/1.1,200
node-superagent/2.3.0,2018-06-08T18:05:04.014Z,GET,/,HTTP/1.1,200
node-superagent/2.3.0,2018-06-08T18:05:04.018Z,GET,/,HTTP/1.1,200
node-superagent/2.3.0,2018-06-08T18:05:04.023Z,GET,/logs,HTTP/1.1,200
node-superagent/2.3.0,2018-06-08T18:05:04.031Z,GET,/logs,HTTP/1.1,200
